id;nom;prenom;email;date_naiss
1;web-readiness Shoes a;copying;Astre.Cousin58@yahoo.fr;2022-01-06T00:56:09
2;c;payment lime b;Vigile76@hotmail.fr;2022-01-05T23:18:29
3;Maurice copying;boliviano Ergonomic a;Antide_Martin40@hotmail.fr;2022-01-06T00:45:01
4;calculating Sleek;microchip Frozen;Flicie_Charles91@yahoo.fr;2022-01-06T07:28:16
5;Secured sensor;Steel Havre;Albrade.Simon40@hotmail.fr;2022-01-06T11:13:22
6;firmware connecting;Baby Concrete Car;Prudence_Marty93@gmail.com;2022-01-06T09:03:39
7;Borders haptic Limousin;b;Amandine.Nicolas95@gmail.com;2022-01-06T07:36:04
8;Antillian Tunisie Cheese;expedite;Rita_Muller@gmail.com;2022-01-06T02:22:20
9;productivity Table;one-to-one Granite;Andoche_Julien3@hotmail.fr;2022-01-06T12:25:22
10;Credit;Handcrafted;Sidoine.Dasilva74@gmail.com;2022-01-05T16:33:30
