id;nom;prenom;telephone;email
1;Bedfordshire b fresh-thinking;Keyboard;+33 514468069;Adel.Blanc96@gmail.com
2;olive value-added b;engine orchestrate Midi-Pyrénées;0415132531;Franois9@hotmail.fr
3;Loan e-markets Champagne-Ardenne;orchid payment;0359867546;Abeline27@hotmail.fr
4;Wooden Licensed;transmitter b;0477327739;Margot_Guillot@hotmail.fr
5;Computers Awesome;paradigms program Handcrafted;+33 556555985;Cassandre_Meyer17@hotmail.fr
6;mission-critical;yellow tertiary;0693278124;Sidoine_Michel21@hotmail.fr
7;management Concrete Pants;solution violet;0425332165;Alcine_Schneider58@gmail.com
8;Savings;Pizza;0640173183;Magali31@gmail.com
9;Montorgueil orchid;Quality-focused;0610833261;Tancrde.Caron@hotmail.fr
10;Bourgogne conglomeration Metal;Islands;+33 467801970;Chantal.Guerin43@gmail.com
